rmse_log_train,rmse_log_val
0.8139654594746234,0.8252503059403903
0.8019702607411813,0.8130200868514836
0.7902394223983092,0.8010201690156723
0.7787188880377696,0.7892744687835703
0.7673808811588124,0.7777134569347305
0.756275543020605,0.7663337918314436
0.7452882971823444,0.7550857119976295
0.7345562728016477,0.7441207940277853
0.7241126080130507,0.7334363901757038
0.7138307053220303,0.7229330902748099
0.703754123844268,0.7126058765430627
0.6938681288431403,0.7025271598721593
0.6841180826510348,0.6925972713635694
0.6745844125197933,0.6829494605576615
0.6652985389857934,0.6734965813645581
0.6560783428060978,0.6641199164077799
0.6471036050406805,0.6549146008383748
0.638262726609334,0.6458537628120232
0.6296238636646214,0.6370652094128404
0.6211344139810643,0.6284237157068516
0.6127988466948748,0.6199254375194218
0.6046213952040798,0.6116032360875825
0.596659510731234,0.6034612591973366
0.5888462370896174,0.5955196090658581
0.5811202526417815,0.5876455816734018
0.5735920688508506,0.5799585359958428
0.5662323891760579,0.5724646081380091
0.5589935351648316,0.5650960701931255
0.5518618390579979,0.5578599836608389
0.544923928376748,0.550798701004567
0.5380858862525323,0.5438547538267553
0.5314509225475561,0.5371324858647885
0.5249268760409929,0.5304827493454104
0.5185552517849786,0.5239483935755329
0.512225711610467,0.5175038127796499
0.5060446489065648,0.5112410773949704
0.50000739881385,0.5050971757723532
0.49418516610027285,0.4991814174228456
0.4883731583694181,0.493233155699198
0.4826579674119603,0.4874162742555467
0.47710978353338973,0.4817558923962372
0.4716764714011011,0.4761902273218925
0.46632174248371105,0.47076437574395025
0.4611000331912281,0.465482410888652
0.45624413614384657,0.46056227429773317
0.45121544600813246,0.4554630278419472
0.4463836570796114,0.45054395152316984
0.44160400920589343,0.44568135276754184
0.43695629640397216,0.44095088086915957
0.4324935067459504,0.43640879817901024
0.42799810747048245,0.4318365740854137
0.4235671743041432,0.42734863432576603
0.4192506871227954,0.4229584735829561
0.41508677372864095,0.41869830012712217
0.4109661870729142,0.4145156497873179
0.40692365254743146,0.4104314360144685
0.4030333993567443,0.40652497675863847
0.39918470916040777,0.40259535983898653
0.3954581582942534,0.39881967359198006
0.3918063712657653,0.39511470776967555
0.3881995032891781,0.39143895224303743
0.38467984135958355,0.3879077531972599
0.3812313764795758,0.38440859961671126
0.3778842308874659,0.38102161946073626
0.37456101311446816,0.3776730439394646
0.37132830696396035,0.37441635955365515
0.3681444417555979,0.3712230332219952
0.36511477165546685,0.3681365432724353
0.3621539787354319,0.36512334569574817
0.35922783542480813,0.3621398970382011
0.3564004454333524,0.35925648230380025
0.3536201413057675,0.35646507310641207
0.35088980916916535,0.35369402062409216
0.34826018251656415,0.35105895442723806
0.3457621876801083,0.34851329158109995
0.34316350960980574,0.34589565758140867
0.3407279964410285,0.3434451094944519
0.33830982343047766,0.34103022025472607
0.33596026561392905,0.33868362421123116
0.3336782941527769,0.33641774382684364
0.3314003217061179,0.33413004534279084
0.3292151596523933,0.3319137995639228
0.327070809173192,0.3297836216940451
0.3249739155951961,0.3276607023256737
0.3229107458096933,0.3255655847954303
0.32092423044393403,0.32358962956173615
0.318978276509264,0.32165657741144615
0.31708386878231054,0.3197858814769784
0.31529010008787184,0.31800635504475927
0.3134970450715716,0.31624053708547256
0.3117670980428796,0.3145261102741066
0.31003438331636163,0.3128060171143336
0.3083533761607296,0.3111289032015338
0.30672139613438293,0.30950394627775707
0.3051017847544147,0.3079102676865105
0.3035779814584596,0.30640511584751623
0.3020717458667364,0.30494729874891446
0.30060601296641865,0.30351182028301726
0.29915662528443704,0.30211234389349073
0.2977373173433817,0.3007229429984277
0.2963679481446534,0.29937996949884926
0.29504378850931673,0.298082522559908
0.29376952906461495,0.2968184512157129
0.29245381480121474,0.2955280248538705
0.29121331068747464,0.29432077326611755
0.28999014325815464,0.29313273901057535
0.28882494974333056,0.29198150963498776
0.287663302149874,0.2908814003555265
0.28658057858316427,0.28983053365805633
0.28548850674560355,0.2887542384977419
0.28444749753542836,0.28774517113236464
0.28340326093372675,0.28675672527344326
0.2824108858135142,0.2857925546206491
0.28139895715598673,0.28478750405603126
0.28042941979471175,0.2838504212105118
0.27949039293789585,0.2829599164625609
0.27858054480817435,0.28210349855346906
0.27767373361986675,0.281239075590966
0.27683457119580457,0.28041658574761186
0.27597572335095527,0.2795941660645344
0.27518178181355085,0.2788403353544633
0.27437485189174726,0.2780742304705787
0.2735682732506394,0.27730308792324454
0.27278196870124116,0.27656529744312064
0.27204160530417854,0.27586764642651884
0.2713222376343401,0.27518104432290524
0.27065447262570874,0.27453678189048053
0.2699801623213974,0.2739053109079897
0.2693232536871596,0.2732930266390292
0.26866058729792913,0.27268615756649034
0.2680025905784168,0.27207538815920634
0.26737779554330365,0.27148813517624776
0.26679165593424675,0.2709291072372597
0.2661750725643288,0.2703734808320627
0.26560466123885795,0.2698241118706185
0.26503297990634056,0.2692721934208165
0.2644713827267259,0.26875380366486706
0.2639481565676321,0.26828514403097464
0.26340799624656364,0.2678062439255999
0.262936711179647,0.26736293499024355
0.2624275264149404,0.2669065946128176
0.26193615743825666,0.2664426442863576
0.2614327848394821,0.265984094696069
0.2609561508253261,0.2655416075064986
0.2604977409661718,0.26512955485927514
0.26006199529382784,0.2647277296044782
0.25967713981204227,0.2643944536444565
0.25923839516064107,0.2640072455959984
0.25881656172608203,0.2636280140830073
0.25842577606990863,0.2632900744558555
0.2580596442537106,0.2629665832363169
0.2576422583433777,0.26258771130396535
0.25724061299589585,0.2622617059216874
0.2568909774991153,0.26195057112583414
0.256535797718122,0.2616414275151867
0.2561829506555595,0.26132735916790506
0.2558227432560152,0.2610262905257768
0.2554916978170738,0.260740555067611
0.25519489944197365,0.26046596776871217
0.2548648608281902,0.2602088816905539
0.2545595260988134,0.25993934119007883
0.2542337868214333,0.25964601966447376
0.2539332683854733,0.2593936941238682
0.2536278409660276,0.25916707975968567
0.2533482768029656,0.25891266870598695
0.25306299640335383,0.2586897350074088
0.25280436267703127,0.25849078528240826
0.25253143823495217,0.2582481250016388
0.25228342287185257,0.25803391724463753
0.2520309911189073,0.25782747121139954
0.2517842528699176,0.2576086855721602
0.2515667386435466,0.2574048303162482
0.2513040556308085,0.25719266306170296
0.2510825615754942,0.2570230420667678
0.250843641132168,0.256832168846493
0.2506266605405214,0.2566577943110519
0.2503824171424,0.2564598592305061
0.25017598634822713,0.2563063706268496
0.24996901124118798,0.25615282103882203
0.249759891360614,0.2559945120933129
0.2495541524627888,0.2558206583003144
0.24935908495004866,0.2556620309407048
0.24917130852670405,0.25550475629736863
0.24898936502197586,0.25533841816009345
0.24880396208038874,0.25519524954467027
0.2486186376732653,0.2550614136978235
0.24844290655443638,0.25494332944215875
0.24828566563971483,0.2548268065388628
0.24809435821951742,0.2546881063291065
0.24795206286460275,0.2545679067883562
0.24777524874954007,0.25444108184560343
0.24760453404104893,0.2542875526636248
0.24744619872379892,0.2541698314132275
0.24727760233320836,0.25404622801144394
0.24714137681052709,0.25395016675160365
0.24701146393439805,0.25385311197396143
0.2468716537290383,0.25375848678714763
0.24675205043769485,0.25366434735993
0.24662502662390307,0.253564333106325
0.2464725798442439,0.25344895925025374
0.246337201946334,0.253350571669452
0.24620375392893173,0.2532687581959977
0.2460762673474381,0.25316401312035486
0.24594341778146778,0.2530615499698647
0.24581296995718382,0.2529508701335276
0.245681562818647,0.25284744514137214
0.2455649851049028,0.2527552952164755
0.2454417523013348,0.2526579430438549
0.24533854371546365,0.25256968489472464
0.24520502544599082,0.2524965266370923
0.2451027930222293,0.25242570520235397
0.2449701706923149,0.2523353360632484
0.24484923101592118,0.2522435442978321
0.24474188234566124,0.25214953824887176
0.24461221869685035,0.2520633399928699
0.24451767448247777,0.2519878967929299
0.2444023341396787,0.2519033253554301
0.24429553397221704,0.2518315477543418
0.24418735113537174,0.25176391698725553
0.24408817859662577,0.25169919591958595
0.24397993203714555,0.2516348177542697
0.24386574132849853,0.25159607633884873
0.24377024504996833,0.25152510463083844
0.2436771187707908,0.25145509402418487
0.24360619348513649,0.25141268986672494
0.24351340253531875,0.2513408040011805
0.24342360225747384,0.2512881967109537
0.24331519436552765,0.2512192051191652
0.24322554103654023,0.25116014036617546
0.24315896758011873,0.251118474759839
0.2430751087066749,0.2510593123103644
0.24298647812314025,0.2510014081256775
0.24289912296645655,0.2509407638535962
0.24281541595209769,0.2508829097376415
0.24274009987473216,0.25082674665000587
0.24264869163767022,0.25075277138722973
0.24258098322032834,0.2507212368555445
0.24250803186587755,0.25067304882545716
0.24240141728178474,0.2506108729888528
0.24234083730330339,0.25056105311158583
0.24228376934676216,0.2505155146044499
0.24220223268957505,0.25046687095950154
0.24214172379899596,0.2504349560633414
0.24207512326186775,0.2503935290461641
0.24200797355858955,0.25034466408455375
0.2419517238601858,0.25030632303621186
0.2418853979197938,0.2502456716341219
0.24181725939819268,0.2502054872338981
0.24174847258438067,0.2501623871550669
0.2416889129295479,0.2501398233282668
0.24159663580043778,0.2500763164109228
0.24154224096521695,0.25003494581207303
0.24148125030765882,0.24999903343943372
0.24140597598463756,0.24995548355593544
0.24134912358276836,0.24990615796819862
0.24129025194659431,0.24985871945443247
0.24121382197261998,0.2498013096109835
0.2411331311981338,0.24975370549334674
0.24109507312429598,0.24973098813184094
0.24104964136445772,0.2497178929016847
0.24099226943660168,0.24970601673018272
0.24093690608372767,0.24967550247250228
0.24087342435723688,0.24963175646761043
0.24082068853482247,0.24958952190151718
0.24074892276805074,0.24956279502248505
0.24068582407095643,0.24952650280755698
0.24061625617238883,0.2494729986989383
0.2405716874129761,0.24945697734603015
0.24052800472295666,0.24942894928691473
0.24047466847458795,0.24939750740936606
0.24044567643173614,0.24937975180486208
0.24039656631879172,0.249351936549704
0.24031227139826472,0.24931961469491076
0.24026174606871376,0.24929856671423334
0.24021725114390893,0.2492810831173493
0.2401560672260976,0.24925524360421247
0.24011307956438557,0.24923530769304314
0.24008113772239253,0.24923236161625573
0.24004929034483613,0.24920580999782843
0.23999333728245653,0.24917710834974163
0.2399358635182356,0.24915643990233252
0.2399025071413421,0.24914127114700135
0.2398547389468608,0.24912617507255136
0.2397964175017795,0.24910116841115468
0.23976319458814635,0.24909327117722732
0.23971296773459796,0.2490727685826958
0.23965776465219849,0.24905956659729492
0.2396129577464883,0.2490358472565521
0.23957189951167526,0.24901284005056504
0.2395349519663279,0.24898797675238996
0.23948645614979422,0.24896982009792795
0.23944856998786457,0.24896020819882006
0.23938545397128197,0.2489226030181847
0.2393428743081801,0.2488952828232528
0.23927670757238914,0.248890817938051
0.2392240871507165,0.24887360181715315
0.23920437239668788,0.24886763616644306
0.2391704035574599,0.24885230278858853
0.23913603343707243,0.2488344392167624
0.23910949650761737,0.24882366993205965
0.2390568968377526,0.24879127282953659
0.23900499673226935,0.24876235043861109
0.23896083769112705,0.2487452623016629
0.23894864022185927,0.24874673697857055
0.23891877745238224,0.24873679606132007
0.23888034001586267,0.24871594137262926
0.2388370159562651,0.24868674059696358
0.2388036761308312,0.24867795797043732
0.23878345321826805,0.24866997906383428
0.2387619644690981,0.24865861983002185
0.23873029825832345,0.24865701073691285
0.23867362830788363,0.24862435527521534
0.23863673853777032,0.24860492325500577
0.2385878565014553,0.24858479666290856
0.2385545951689555,0.24856721183166008
0.23853566198732085,0.2485517292232938
0.23849949132349885,0.248536505329359
0.23846220291313214,0.24851917206084434
0.23845717867891913,0.2485171161701983
0.23844503638018802,0.2485094291453013
0.23840359915653597,0.24850049786666908
0.2383424796331507,0.24846902380836577
0.2383250714585623,0.24846809970747313
0.23830733791158698,0.24846399442118997
0.23828283321940738,0.24844361919098168
0.2382403060817446,0.24841783720221217
0.23820428114184172,0.2484092855074585
0.23816851721838636,0.2484055434222726
0.23814706691356616,0.24839974074629187
0.23810666550854157,0.24839334606326088
0.23805086619135776,0.24837539486470914
0.23802373742273855,0.2483691062298022
0.23800293093738986,0.24837556385351123
0.23796044818682377,0.24835312964050765
0.23791049566074898,0.2483197008157416
0.23788091085372137,0.24831180681700576
0.23786387132097486,0.24830775485472725
0.23782458939610782,0.24829868787127368
0.23779254899998983,0.2482814471861177
0.2377666206150897,0.2482701891347504
0.23774937001822571,0.2482715959285959
0.2377186788095347,0.24825435488589834
0.23765695399312464,0.2482320161123417
0.23763882169770997,0.24823034078233222
0.23761759294303503,0.2482164096462497
0.23759521757887325,0.24821088536501876
0.23758322806255225,0.24820824552883733
0.237573146632793,0.24819899233234263
0.2375487940349276,0.24819540363295034
0.2375112964006246,0.2481848863804174
0.2374628751444349,0.2481696086403364
0.23744392779916343,0.24816257763776625
0.23739824902638693,0.24814165995681972
0.2373773692690287,0.24813268372095865
0.23734907227252042,0.24810472382546186
0.23731434710349006,0.2481004634474429
0.23727429480423695,0.24809942112618813
0.23725753115931172,0.24808614903193116
0.23723161094600662,0.2480917095305862
0.23719016152121597,0.2480648075061876
0.23717768572577738,0.24807832886277073
0.23713762614613787,0.24807821682354902
0.23711777017712418,0.24806516580486038
0.23708266713757567,0.24805222592072657
0.237057586429456,0.24803534465307447
0.23702954001846904,0.2480349470042142
0.23699248423122482,0.24801817227279024
0.23696130272062402,0.24800300609443374
0.23695674479823725,0.2480001754037857
0.23693812135605014,0.2479981917060131
0.23690783589113146,0.24799909071554938
0.23687343168553,0.248002056749774
0.2368472718969504,0.24799384073401431
0.2368145361589629,0.24797839909862934
0.23678239135658385,0.24798023900697388
0.23674755933970507,0.2479911668529737
0.23672448032528973,0.24798496276573842
0.23669862401935327,0.2479740117573355
0.23668041118610467,0.24797198360169517
0.23667080146479041,0.247960094727996
0.23665042710372383,0.24796392755154478
0.23662374530698244,0.2479584623464454
0.23658719703049813,0.24795468960645847
0.23654298193003132,0.24792767453011286
0.23651645680204797,0.24791698400628387
0.2364744074531863,0.24790751743870199
0.23646741529064394,0.24790719657332644
0.2364330726557548,0.24789676434485164
0.23641759088088438,0.24789593972802318
0.23638358775980323,0.24787082367900137
0.23637476175381847,0.24786325130845535
0.23634841454265523,0.2478443979066912
0.236341794438904,0.24784679016092157
0.2363308248517918,0.24783530047348357
0.23631428202022223,0.24784307694730878
0.2362823487712418,0.24784003322638062
0.23626839312592626,0.24783474253079987
0.23625705084432494,0.24784115773725768
0.23622133396232026,0.2478231102564191
0.2362029779123147,0.24780596114505535
0.2361549102133952,0.2477708850264427
0.23615488512231067,0.247771101451341
0.23613202771540898,0.2477576529267324
0.23610778844630323,0.24775574194005323
0.23609269776730635,0.24775868762724815
0.23609267851769986,0.24775885193115313
0.23606552359762387,0.24775614871836313
0.23604799806703508,0.24775695975266868
0.23604662345749378,0.24775865048702161
0.2360327651082843,0.24775844996164204
0.23599399948336017,0.24774731412194131
0.23599404358636394,0.24774687823096792
0.23596955784842932,0.2477386591202587
0.23591865583493404,0.24772339143576752
0.23591633956844266,0.2477248238931189
0.23588716901777418,0.2477184008690788
0.23588276354142373,0.2477166812301308
0.23586078097874558,0.24771538124487352
0.2358439450758146,0.24771156109699125
0.23581429763847211,0.24771845602699746
0.23581063246482561,0.24771824531769285
0.23580857080210638,0.24771401146694266
0.23580639803523828,0.24771742983056763
0.2357917164363256,0.24770176275582823
0.23576681766230287,0.24770568269601376
0.23573270195415472,0.24769302873173074
0.23572079398869777,0.24769237188682264
0.23568298625807052,0.24769002883350003
0.23565908655712706,0.24768042885399771
0.23563512236169654,0.24766615816167264
0.2356312323522509,0.24766782485678193
0.2356303185203678,0.24766916418399385
0.23561987317144942,0.24766480791932552
0.23559591452178022,0.24765447121976283
0.23555371964241748,0.2476377786782822
0.23553319574040385,0.24762725037825295
0.23550363004032984,0.24762119649557193
0.23546054452450274,0.2476176335924642
0.2354402147350575,0.247618107422334
0.23541419383638998,0.24761531316151472
0.2354042713019957,0.2476149724730108
0.23538726633065427,0.24760292176606338
0.23536623522721434,0.24759724179962805
0.23535986766984482,0.24759779658107814
0.23532940230186555,0.2475865348905765
0.23531235854010452,0.24758148250318884
0.23527842917757927,0.24757575962469597
0.23527614772738137,0.24757258403324028
0.23526948086883648,0.24757022179618035
0.2352673560001905,0.24756950466851
0.23526351601833279,0.24756974310423735
0.23525148723663586,0.2475601567066245
0.23522301041439028,0.24755327640040453
0.23522201951545577,0.24755211021462775
0.23522069678989735,0.24755224202923626
0.23521095788062468,0.24754503610695489
0.23520619111617116,0.2475362991626508
0.2352041569748503,0.24753678195281803
0.23518302564547783,0.24753502873853495
0.23518301488853502,0.2475351402373991
0.23515073834144776,0.2475161289263911
0.23512837875492903,0.2475119766372226
0.23512624474218788,0.2475116322345462
0.23512619823916894,0.24751216536200596
0.23508908075635715,0.24750842038277604
0.23507241714323365,0.24750379685315602
0.23504741177179395,0.24750177016441158
0.23504559277820222,0.24750105642838383
0.2350296755354146,0.24749547292268484
0.23502966307214185,0.24749557841760075
0.23502679077188038,0.24750267144121996
0.2350190463403881,0.24750722589857993
0.23500736680747902,0.24750450998414117
0.23500237443243535,0.24750539209607128
0.2349912636513747,0.2475002764394368
0.23498713627272544,0.2475038976282723
0.23498538222050327,0.24750436295760708
0.23496933337316558,0.2474992446577124
0.23494117740049936,0.24748924382803694
0.234941186040966,0.24748894237974436
0.23491732552855799,0.2474835195309459
0.23491683583368933,0.2474838894253379
0.23491684262923387,0.2474838340040244
0.234913534221898,0.2474848430327481
0.2348974489853758,0.24747900913098111
0.23489606470830476,0.24747885799442124
0.23486308209603302,0.24747508534641527
0.2348533250731666,0.24748092862533322
0.23480164938881945,0.24747178628924066
0.23480164398370673,0.2474717433896524
0.2348016386174027,0.24747194352283017
0.23477377693355317,0.24747174406364086
0.2347730715612024,0.2474718752876148
0.23475540941630135,0.24746176906166903
0.23473001369315075,0.2474487984073223
0.23473002185540215,0.24744897719108627
0.23470045842043,0.24743088009239783
0.23469534775689793,0.2474311782755034
0.2346953688066984,0.24743156365437352
0.2346953688066984,0.24743156365437352
0.23468556948695438,0.2474350581605581
0.2346855528940361,0.2474347871866268
0.23466419640286657,0.24742119364259949
0.23464998380959923,0.24741015134529157
0.23464920294383124,0.24741018065924475
0.23463489886198047,0.2474148914271619
0.234634910961458,0.24741514825947847
0.2346328914452919,0.2474160728778347
0.23460189436803525,0.2474164697593795
0.23460192213592054,0.24741689201230713
0.23460067168557705,0.24741388004800285
0.23459980682524018,0.24741408263276202
0.23457985717348398,0.24739791633752886
0.2345609823103488,0.24738355170196585
0.23455596009232196,0.24738760296505147
0.23454788280772476,0.24738330352043753
0.2345060803231699,0.24736559057966415
0.23450608619708993,0.24736571742236263
0.23449372965849508,0.24735958370882968
0.2344697408578587,0.247355040047944
0.2344674839974487,0.24735409202751746
0.2344674797757969,0.247354116478188
0.23446099943680315,0.24735390780313887
0.23444836534472321,0.24734622018807528
0.23443923247308177,0.24733437147939882
0.23443178253471447,0.2473292884639902
0.23442539854016625,0.2473283773650421
0.23442503012066523,0.2473291054386371
0.23441970072359297,0.2473283003089627
0.23441860395244338,0.24732890426462
0.23441861171717965,0.24732923450045455
0.23441151177483588,0.2473289558283406
0.23441150838716612,0.24732887624718744
0.23440100524455332,0.24733186331097312
0.23438172198487156,0.24733716317107104
0.2343557960913473,0.24734303375689282
0.23435511012080548,0.2473435016992991
0.23435512955191007,0.2473441497676755
0.23435469664695865,0.24734394924678735
0.2343197353792484,0.24734182770254076
0.23428796501255902,0.2473418775526206
0.23428795507536945,0.24734171490710993
0.23425101562668257,0.24733610338417497
0.23422710626291757,0.2473214687873403
0.23422708731203407,0.2473210798096249
0.23422625090878635,0.24732143217285657
0.23421978052363637,0.24732038979074497
0.23421980686772845,0.24732092823347607
0.23419425289153073,0.24731814743167224
0.23417700261593583,0.24731147132953257
0.2341370210732095,0.24731449029300973
0.23413701937715425,0.2473144231456796
0.23412635864360848,0.24730458639787764
0.23410927110958996,0.2472968841908993
0.23410927110958996,0.2472968841908993
0.23409777731502096,0.24728706804864178
0.2340907983320153,0.2472857831931811
0.23407498606021998,0.24728526751415814
0.23405890141130203,0.24728406358208066
0.2340370831745883,0.24727085107204888
0.23403710039200418,0.24727139097139322
0.23402963239241237,0.24727444187984216
0.23402964625126133,0.24727471367198472
0.23402074809009152,0.2472764665840832
0.23400417663680326,0.24728331721110208
0.23398330588261038,0.2472704339801237
0.23398276869740345,0.24726877699586702
0.23397541234900734,0.2472712109391251
0.23397539348179675,0.24727058604420005
0.23397539030176973,0.24727051833712588
0.23395928798115537,0.24727603587999897
0.23394545007515644,0.24728351367714094
0.23394469390738443,0.2472837235639822
0.23394242255623007,0.24728728027863228
0.23392185397992682,0.24728967347261643
0.2339153721025508,0.2472855084087447
0.23390935419912878,0.24728053267217054
0.23389903912060322,0.24727468435129726
0.23387917846216882,0.24728666929316132
0.233879186134169,0.24728681840322705
0.23385369030909048,0.24729218173102288
0.2338383719317633,0.24729558671603535
0.23383430000874186,0.2472923671748313
0.23382948975737497,0.2472852282444092
0.2337873601673277,0.2472688560797779
0.23378737290120233,0.247269173844456
0.2337657072621994,0.24725675180423867
0.23375675992915762,0.247248690989197
0.23375676103005563,0.2472487249801411
0.23372964709398325,0.24724317667711812
0.2337126991017099,0.2472407868431841
0.23371270388411808,0.24724107087485023
0.23371201002176156,0.24724131215282416
0.2337100183006153,0.24723910523339185
0.23368561625336867,0.24723999308676176
0.23368152340599513,0.2472429735048678
0.23368053893289614,0.2472417757640662
0.23367403401302841,0.24724104891853627
0.23364240478839007,0.24724118094516614
0.23363385339507187,0.2472420201688326
0.23363312431128153,0.24724254908292903
0.23360819288637383,0.2472330704236173
0.23360177886203204,0.24723467594861345
0.23360176018325862,0.24723389288400724
0.23359575163778562,0.24723443317538937
0.23358835673611597,0.24722926269614565
0.23358835651420995,0.24722919655417694
0.23358766179040447,0.24722984436573928
0.23356718450681815,0.247213852582481
0.23354502916439612,0.24721029136776387
0.23354503494706447,0.2472102133184852
0.2335450301610807,0.2472106106120453
0.23352414080021872,0.2472034574119965
0.2334964854695571,0.24720393027775137
0.23349648491765013,0.24720416014143357
0.23348202548664546,0.24720850219622073
0.23348202145757063,0.24720876769539635
0.23345852667437023,0.24720655207825287
0.23345797471716945,0.24720724041657513
0.2334534182424902,0.24720506696894554
0.23345341323417143,0.2472046420939303
0.23343596053455914,0.24720118090662677
0.23343124086392156,0.24720302220245544
0.23341835587149962,0.247193421954051
0.23338503691025148,0.2471739363047875
0.23335633184288207,0.24715848261425377
0.2333563253992525,0.24715860402394196
0.23335631982069416,0.24715893593355787
0.23335035216703462,0.24716372519223972
0.2333329189402561,0.24716670632333715
0.23333292625878108,0.24716710944400574
0.2333267982863317,0.24716763906643033
0.23332679335642448,0.2471672045716294
0.23329432518536786,0.24715728369540294
0.23328166800459219,0.24715843508314594
0.23327308058032087,0.24715825140841707
0.2332730748651913,0.24715812046145597
0.233256786749749,0.2471542578970702
0.23324122741581063,0.24715341388523443
0.23321028415951,0.24714105979721882
0.2332102823181541,0.24714092545015948
0.23320761426998585,0.2471408552204922
0.2331921408613494,0.24712931170177535
0.23316671974220066,0.2471245185725257
0.23316672463352692,0.2471244280015054
0.23316671885064205,0.2471243955339778
0.23316680683604654,0.2471260912908941
0.23316680924860647,0.24712584952689284
0.23314327074688593,0.24712556506517183
0.233141401861892,0.24712619023317411
0.23314035415162335,0.24712595343685306
0.23312414065396614,0.24711858231256625
0.2331095270266351,0.24712394575216387
0.23308683849661954,0.2471250606715788
0.23308581324141645,0.2471251647106787
0.2330726045362157,0.2471221877998669
0.2330708755644862,0.247123219019381
0.23305975323798442,0.24711138478361758
0.23305957850159256,0.24711109020500058
0.23305957049184528,0.24711130247363772
0.23305956945645098,0.24711154855402478
0.23304371074030159,0.2471058161495989
0.23304371082214753,0.24710577110460633
0.23303367243544787,0.24710114514907852
0.23303176811643675,0.24710133571050982
0.2330205421682405,0.24709229839924293
0.23301950958584433,0.24709030313362784
0.23301914920470648,0.24709127475006526
0.23301158349114082,0.24709162054782943
0.2330034244756859,0.24708883582647648
0.23298902598342497,0.24708961129755505
0.2329794062724351,0.2470869812371877
0.23297895759869497,0.24708687256797066
0.23297897067720383,0.24708618589623807
0.23297788890234458,0.24708692164824034
0.23297602000079762,0.24708589151973934
0.23297021828468328,0.2470843925592705
0.23297021927788122,0.2470847220780848
0.23294571615309856,0.24708797917550354
0.23294505133525367,0.247086990920989
0.23294027418822658,0.24707875493154818
0.23293932651276714,0.2470792539235655
0.23293932441380766,0.2470793861968299
0.2329233753326108,0.24708023444849558
0.23292338559316605,0.2470798077887698
0.23292338199383503,0.24707974415822212
0.2329035160931886,0.247080008435199
0.23290352127852343,0.24708002904184212
0.2328872097729456,0.24707346555872534
0.23286380532028275,0.24706729053917917
0.2328561949716343,0.24705924015849173
0.23283662137750494,0.24705593597883066
0.23282438839107372,0.24705983928709066
0.2328234042433506,0.24706105410893886
0.23281456798007696,0.24706660313009252
0.2328134528015186,0.24706480463581168
0.23280132734666284,0.2470561552914326
0.23278060060123076,0.24704555597236066
0.23278059777810817,0.24704576900322398
0.23276631654975224,0.24704211242355034
0.23276594462519248,0.2470422044668925
0.23274004685029287,0.24705125055170715
0.2327363912187846,0.24705087896893216
0.2327187684770034,0.2470441121789053
0.23271686497751332,0.24704521237310337
0.23271265684466055,0.24704631920449802
0.23269783009273293,0.24704482376649498
0.23267681928523348,0.2470551580274198
0.23267603300113796,0.24705607472594873
0.23267603717325502,0.24705601157809326
0.23267602439846008,0.2470562124793493
0.23266198914706984,0.24705010922943138
0.2326619676880288,0.2470504306240693
0.23265048498906027,0.24706194965860548
0.23265049183157363,0.24706181061303126
0.2326504972411186,0.24706161006189373
0.23263845552415172,0.24705579720310206
0.23263494062692971,0.24705030909168094
0.23263492630822047,0.2470504817893266
0.23262182079168894,0.24704935321992316
0.23262159674612815,0.24705042808642647
0.2326207622276309,0.24704850523265603
0.23261673157647456,0.24705083705990424
0.23261047835238352,0.24704492712167256
0.23260860151546314,0.24704335522804985
0.2325864409348904,0.2470508324402797
0.23258643040646323,0.2470510082922232
0.23258642854886644,0.247051096292016
0.23255471386573334,0.24703424326916706
0.23254069388938084,0.24702791037881092
0.23251247184160398,0.2470276788839421
0.23249261118664163,0.24703187635729063
0.23249028222255963,0.24702912362211335
0.23246960624337118,0.2470097804332154
0.23246866515653872,0.24701235910152713
0.2324579101461013,0.2470120366212424
0.23245400590691798,0.24700931479140803
0.23245401813677535,0.24700919536468366
0.2324497008598411,0.24700909837299842
0.23243975077759238,0.24701181755145343
0.23242501825710818,0.24700665141810543
0.23242503517680882,0.2470063895333995
0.2324080592204451,0.2470076211044273
0.23238297667168298,0.2470202950907391
0.2323829689578992,0.24702068687185702
0.23236434830257596,0.2470102894702933
0.23234343650229433,0.24699815618986834
0.23232233012598694,0.24699344076718788
0.23231705167869937,0.24699088827731194
0.23229479184204063,0.24698796376919124
0.2322824096918947,0.24698113277952874
0.23228240307813844,0.2469812860809014
0.23226822147764706,0.24698183242674845
0.23226722922132723,0.24697796538889105
0.23226572234353976,0.24698035542631622
0.2322553412582581,0.2469707328360857
0.23225492765170916,0.2469704798244046
0.23222368069063234,0.24696512303552795
0.23221105513135173,0.24695695685735256
0.23220593569370598,0.24695150869374552
0.23219482702782557,0.24694677599561743
0.2321907077696367,0.24694293254459068
0.23219070551799195,0.2469430331167361
0.2321883788394847,0.24694278878913792
0.23217438676336466,0.24694551941609527
0.2321460594058861,0.24695751569362284
0.2321275124253168,0.24695974183297306
0.23212751345718446,0.2469597084246391
0.23211682448347326,0.2469635662493901
0.2321036827005001,0.24695850728158772
0.2320931339815502,0.24695387824358936
0.232084726424232,0.24695341838498408
0.23206346197333166,0.24695663804584636
0.23203316169377644,0.24695342918014024
0.23202176049322817,0.2469487837585126
0.23201526381810064,0.24694842385753704
0.2319955738222118,0.24694653423703103
0.2319870279761904,0.24694563397350366
0.2319813802082823,0.2469471831169702
0.23198054048468955,0.246947708853714
0.23197881215109933,0.24695164285636773
0.2319626164799726,0.24695429431689822
0.23194850258665367,0.24695541617835795
0.23194235827311555,0.24695568545231952
0.23192855060327802,0.24695698538815117
0.2319285388893759,0.24695745414985082
0.23192854398318033,0.24695769367696271
0.23191445492899426,0.246959916599307
0.23191446350263115,0.24696044461178424
0.23190784918284377,0.24695810205770355
0.23189187349569465,0.24695334166928018
0.23189052157820947,0.24695247578937587
0.23189052424469475,0.24695254705295475
0.2318794762288274,0.24694444289937278
0.2318792948882848,0.24694363253334772
0.2318665028911106,0.24693790562646611
0.23185755327140198,0.24694897571315322
0.23185755505981828,0.2469488543326461
0.2318575666282538,0.24694901942445155
0.23185758519092575,0.2469494526620213
0.23183956451610693,0.24695196228756935
0.2318390731820491,0.24695241722875907
0.2318363302930011,0.2469485184767442
0.23183633788874727,0.24694868712905974
0.23182265568531504,0.24695370584604498
0.23181865913506375,0.24695901610806809
0.23181673742484432,0.24696057744991065
0.2318167674914749,0.24696125685688344
0.2318017052741346,0.24695261678247926
0.23179438947051045,0.24695198890458142
0.23179436412381157,0.24695122975989914
0.23179435506226886,0.2469502568749323
0.2317943537559846,0.24695029851138373
0.2317662680230029,0.24695362325974685
0.2317618285809155,0.24695597574361922
0.231753157094647,0.24695384026785394
0.23175322574538626,0.24695366940339641
0.23174884649872982,0.2469576286990701
0.2317436141289408,0.24695662082905262
0.2317436162037501,0.246956530159873
0.23174360910866681,0.24695658863809072
0.2317294955684155,0.2469542500513697
0.2317271119226681,0.246956078196392
0.23172685667258966,0.24695578849651312
0.23172686309502286,0.24695566078417
0.2317268565625503,0.24695593808045388
0.23172520348732376,0.24695340157865403
0.23172520324110013,0.24695350450172454
0.23172467177568132,0.24695594762530668
0.2317089933026261,0.2469525422887833
0.23170122969695012,0.2469608266636146
0.23170123048330213,0.24696143568686807
0.23170124197978229,0.2469618857025465
0.23169228070906284,0.24696046944796418
0.23167831376353418,0.24695416133402823
0.23165074624758647,0.24694883276673907
0.2316504946472586,0.2469486741826862
0.23164951487764662,0.2469534957682878
0.23163176504579946,0.2469450834188413
0.2316096155346216,0.24695126434890954
0.23160962117346673,0.24695086725336624
0.23159473358957416,0.2469504902591236
0.23159472279133844,0.24695077451322303
0.2315937591935419,0.24695203916678585
0.23159108254865707,0.24695406554478289
0.23158622957641195,0.24695251363431095
0.2315655965610042,0.24696225254782678
0.23156559718841815,0.24696254467921885
0.23156558984524162,0.24696268265074106
0.23156490790526701,0.24696152787032277
0.2315649033229721,0.2469618333349466
0.23156414644977652,0.24696297875677878
0.23155206274285337,0.24696113647621992
0.23153196070837506,0.24694901296335547
0.23151755254288964,0.24695156908502197
0.23150366795290495,0.2469516677260541
0.23150365093285327,0.24695213100533242
0.23150364458015132,0.24695141259235362
0.2314596816191351,0.24695266205957034
0.23145774466934718,0.24695274055264357
0.23143748064868216,0.24695442939294854
0.23143748191038285,0.2469549033253652
0.23141589008164637,0.24694370029254314
0.23138796665275796,0.24692753558221484
0.23138704978647698,0.24693148658320394
0.23138659119634705,0.24693180847466267
0.23138659881863016,0.24693187761889865
0.23138649639634862,0.2469317330154721
0.23136430195350144,0.24693640200575936
0.2313643157776876,0.24693696086961756
0.23136430660465648,0.24693685514380678
0.2313594344347657,0.24694050434840037
0.23135945766662439,0.24694117761582712
0.23135297858473877,0.24693945562166006
0.23135296367495656,0.2469391505981354
0.23134814761784173,0.2469348349957341
0.23134332588657408,0.24693726513493894
0.2313431760616307,0.24693565895273714
0.23134206853477962,0.24693596615488583
0.23132384826739433,0.24694131309154704
0.23130243713178594,0.2469330923352718
0.2313024237021206,0.24693291322108066
0.231288211400527,0.24693794783122655
0.2312882043616779,0.246937767536205
0.23128821037391192,0.2469379242979398
0.23128736009801829,0.24693569120289321
0.23128736555817792,0.24693581233470005
0.23128461776268464,0.24693604904075053
0.2312846040505911,0.24693576463047037
0.23128069748143243,0.24694179094410582
0.23128017687862526,0.24693977458813615
0.2312709558315338,0.24693950838845694
0.23127089573151993,0.24694095653706427
0.23125691424112596,0.2469509314099794
0.2312498440762118,0.24694360823710898
0.2312483043681594,0.2469418924346787
0.23124822319971852,0.2469412969887573
0.23124823191864544,0.2469416555562089
0.2312477301380338,0.24694127023505388
0.23124636548567334,0.2469424812964399
0.2312406686746188,0.2469492129256689
0.23124001945169462,0.24695063122790098
0.23124001739361458,0.24695053574009665
0.23123874271863942,0.24695201437306993
0.23122724985041257,0.2469456155772888
0.2312272596959639,0.24694595323733368
0.23121059341867176,0.2469417212283858
0.23120114492957208,0.24693871422375963
0.23120113958968608,0.24693855776099147
0.23120033707875826,0.2469393147420547
0.23119707379669902,0.24693843999299234
0.23118798028818136,0.2469394149533381
0.2311602616811958,0.24693473511963318
0.23116025239737972,0.2469343764842833
0.2311593618669974,0.24693404436553007
0.23115934940465646,0.2469335429740698
0.23114068303480656,0.24694407383158282
0.23114075907035286,0.246944887692682
0.2311396146137335,0.24694512943103647
0.23113961006820696,0.24694541707406384
0.23113895207100765,0.24694515717132778
0.23113444885001191,0.24694073899352245
0.23113444164516359,0.24694086784575414
0.231115934231362,0.2469456212031049
0.23110685742573217,0.2469330866466291
0.2310943350772131,0.24693748186339326
0.23108752557581275,0.24693750956972363
0.2310702151552288,0.24691837762164567
0.23105952930128829,0.24691788934850853
0.23103251003603337,0.24691882825453024
0.23103250396331793,0.24691887624889408
0.23102911086022965,0.2469160266404753
0.23102653818658228,0.24691814445775323
0.2310158350964162,0.2469071349581183
0.23099458512546592,0.246896246010092
0.23098949171983413,0.2468924310937127
0.23098853046567752,0.24689358581110332
0.23098853197069125,0.24689337733274114
0.23096370349224424,0.24688780948348363
0.23096233628109153,0.24688643041342934
0.23095305511064926,0.2468817539563057
0.23095307609104773,0.24688093404753755
0.23095299184246051,0.24688049580915933
0.23095202849098553,0.2468787897942402
0.23095063086363196,0.24687915024286117
0.23094656501368385,0.2468776421634757
0.23092978138770795,0.24687706949577434
0.23092323190479902,0.24686971490913873
0.23092323265248005,0.24686969202460374
0.23092322904014168,0.24686963751332777
0.23090768589202681,0.24687015273709262
0.2308996658698155,0.2468665738919
0.23089966975469892,0.2468664251356659
0.23089967861765628,0.2468663206062123
0.23089726452950926,0.24686843307801565
0.23089726607865757,0.24686836410546165
0.23089727214971428,0.2468681586169836
0.23089388033744,0.24686755611151318
0.23087639419124978,0.2468807683279702
0.23087639985212866,0.24688076641476472
0.23087639772168106,0.24688050320146782
0.23087367643804477,0.24688060336460532
0.23087370134660146,0.2468801167591783
0.23087307072851446,0.24687664073648707
0.23085781724613277,0.2468670696570956
0.2308550501724482,0.24687012795270696
0.2308550358566784,0.24687034854844458
0.23083463841036037,0.2468630666054151
0.2308271122450201,0.24686032819763296
0.23081867150666394,0.24686282534990572
0.23081867106813625,0.24686283656098332
0.23081439457007197,0.24686674646676965
0.2308144003868041,0.24686673252965713
0.23081440196503547,0.24686704370518878
0.23080990707344276,0.24686588426474798
0.23079492863037038,0.24686014326476582
0.23079492879193772,0.24685949748916183
0.23079492230349363,0.2468595926227085
0.23078457498557875,0.24685067705693323
0.23078435347481666,0.24685043769258314
0.2307843597584812,0.24685035380171455
0.23078327883740296,0.24684973597950216
0.2307831789837637,0.24684950804548647
0.23078196964969402,0.2468495470472463
0.230762564782715,0.2468494386424323
0.23076255954104224,0.24684937037731872
0.23075989104208489,0.24685671437386209
0.23074960107176642,0.24685809369404715
0.23072960905516135,0.24685207622750194
0.23072961100635792,0.2468522108981469
0.2307155130521277,0.24684695763998077
0.23071141705284648,0.24684340245910374
0.23070547185717502,0.24683551285176436
0.23069806761674347,0.24684112343355635
0.2306980599254623,0.24684148935196196
0.2306980667987645,0.24684115745855703
0.2306980645391059,0.24684124861207282
0.23069473820338712,0.24684187805909366
0.2306947402377123,0.2468418104435441
0.23069473326378132,0.24684207178507866
0.2306947334568097,0.24684206056077138
0.23069173976152108,0.24684371638771543
0.2306903429015311,0.24684845113558887
0.23069010006814525,0.24684894077007688
0.23068959251812748,0.246845451232036
0.23068959251812748,0.246845451232036
0.23068959251812748,0.246845451232036
0.23068335891454514,0.24684160826627372
0.230678361662832,0.24683938236927033
0.23067840549884763,0.2468386564696908
0.2306779498126841,0.24683865173921507
0.2306777502221329,0.2468376668590978
0.2306777691371023,0.24683752504684867
0.2306769199860344,0.24683772604654622
0.23067613019150027,0.2468386377565123
0.2306635912138685,0.24683498899215403
0.23066361267217783,0.24683478732251843
0.23066331438003032,0.24683411071572103
0.2306543832574546,0.24682505924872114
0.23065155052308556,0.24682064916738186
0.23065170805067398,0.24682034711003317
0.2306479876292157,0.2468188585506503
0.23064795995535411,0.24681945121392454
0.23064524516338708,0.24681878788500033
0.23064524721832566,0.24681852935337423
0.23062820044083235,0.2468096083069524
0.23062184502847563,0.2468013966248321
0.2306218571696685,0.24680114098153697
0.2306131687982904,0.2467923238096029
0.23059476360522296,0.2467890596242742
0.23058495150948635,0.2467948619397499
0.23058494073506136,0.24679501037939156
0.23055981578405543,0.24680307898950252
0.2305596925017726,0.24680322866150786
0.2305597039629735,0.24680179866624502
0.23055745950994067,0.2467975170518235
0.23055150900328103,0.24679022825716251
0.23054207012464953,0.24679099335130816
0.23054207793439035,0.2467908150455216
0.23054208397705897,0.24679069301178222
0.23054209803664688,0.24679043938025594
0.2305407372018515,0.2467884795564649
0.23052973912186453,0.24678856498094492
0.23052973700349796,0.24678870608756043
0.23052830923250933,0.24679149204404854
0.2305160471137032,0.24677463277191392
0.23051604532804515,0.24677476273783244
0.23051602158877998,0.24677513079889388
0.23051602409994443,0.24677507544992422
0.2304954439105378,0.24678138036498903
0.23049545775335142,0.24678123539447774
0.23049546029178303,0.24678119164953072
0.2304954466438608,0.24678143364759858
0.23049544329801888,0.24678139139379737
0.23049546029178303,0.24678119164953072
0.23049545030595306,0.24678147586441357
0.23049544804707447,0.24678163999200303
0.23049546029873683,0.24678128825378265
0.23049546730183929,0.24678126417817292
0.23049547815776708,0.24678117437753763
0.23049549673903807,0.24678089090310745
0.2304877919321112,0.2467808397327559
0.2304877698800514,0.24678112705149086
0.23048778477246623,0.24678086373564118
0.23047741609637706,0.24678564232984201
0.2304774385981765,0.24678539029783203
0.23047745723363908,0.24678521596882044
0.2304774389503971,0.24678546415543234
0.2304774663895051,0.24678517059240243
0.23047206074415563,0.2467748244025977
0.2304711938806818,0.24677568931270624
0.23047122748753318,0.2467752969132703
0.23045756697184203,0.2467770174908282
0.23045737535650634,0.24677804670801842
0.23043157850737106,0.24676598983151465
0.23041864385103403,0.24676222063014291
0.2304186467707019,0.2467621768824993
0.23041823159540564,0.24676094473444116
0.23041173875648568,0.24675451813478236
0.23041085249015875,0.2467529654111075
0.2304108303643781,0.24675335405728283
0.23040702252188255,0.24674972736955553
0.23040621378446408,0.24674987546680388
0.23040625100249318,0.24674944033360457
0.23040623112344202,0.24674978411262122
0.23040625232600218,0.24674956517121058
0.23040622345481948,0.2467499894010248
0.2304025076124533,0.24674559364678403
0.23040240504617873,0.24674666311960441
0.23040237737741245,0.24674688773826314
0.23039457301431385,0.24674169320810743
0.23039457477173123,0.24674173398985277
0.230369096983794,0.24674469400016494
0.23036717215830668,0.2467449706676798
0.23036406454488925,0.24674393967608385
0.23035867904209048,0.24674860063064333
0.23035565597997013,0.24674990206048264
0.2303320071947639,0.24675022171981334
0.23032666266856341,0.2467484373210365
0.230326623351926,0.24674906904315727
0.23032448699789443,0.2467436654251304
0.2303199128624946,0.24674076358434624
0.2303192731610118,0.24674213485785157
0.23031631855078746,0.24673783076162503
0.23029162214239082,0.2467216515339437
0.23028793509479364,0.24672035514913282
0.23028770908465057,0.24671987310358215
0.23028441801574484,0.24673160258905907
0.2302818805807739,0.24673566663455773
0.23028188576947292,0.24673541105394908
0.23027541472757274,0.24674631954910925
0.2302691186955244,0.2467561910362022
0.2302676194059215,0.24676007612627557
0.230258073508966,0.2467533285553414
0.2302477574284764,0.24675155601053492
0.23024185580067233,0.24674710730268118
0.23023369258388873,0.24674275892596528
0.23023299341330314,0.24674571509470544
0.23023298957035618,0.24674583971606223
0.2302330121525182,0.24674537413834707
0.2302214148276377,0.2467464940490946
0.2302186675460287,0.24674530405993278
0.23021825654937336,0.2467451994543532
0.23021823669848024,0.24674549225929224
0.23021638907542083,0.24674875372655392
0.23021576728843454,0.24674765643260643
0.2302147675934524,0.24674838477901564
0.23020651922515303,0.24674263163909513
0.2302065219967362,0.2467427435169957
0.23020396747617886,0.24673803925950752
0.2302016695141013,0.24673767982055234
0.23019989292190682,0.246738642167254
0.2301872986577981,0.2467422352457673
0.230182747049662,0.24674276512807758
0.2301790441709061,0.2467415582850203
0.23017861659354513,0.2467422770726977
0.23017412624992886,0.24673852884275935
0.23017411689223613,0.24673888446370335
0.23017410248119796,0.24673914682705472
0.23017408633942138,0.24673875864164702
0.2301731317255757,0.24673892292257202
0.23017312806977813,0.24673904752271103
0.2301663408083717,0.24674051999074362
0.23015938260883542,0.24674728351402742
0.23015433679412572,0.24674937072587583
0.23015432176059689,0.24674978762247193
0.2301471190253828,0.2467416427790232
0.23014336360267665,0.24674444602992382
0.23014334940130182,0.24674487504430095
0.23012483654226984,0.24674867094413086
0.2301242898633447,0.24674920054693072
0.23012435782767704,0.246748371001759
0.2301239902320898,0.2467484132227388
0.23012385856346054,0.24674818555318237
0.23012387476711338,0.24674773512163956
0.23011620171135216,0.24675233478452538
0.230116210753197,0.24675226559336536
0.23011174174266869,0.2467549014871015
0.23009725213714965,0.2467567778649834
0.23009718584470673,0.24675625306643625
0.23009718422271042,0.24675628669114075
0.23009701138793226,0.246756180199606
0.23008716125934894,0.24675631089399488
0.23006926407960343,0.2467522737919876
0.23006928861048173,0.24675190019861518
0.23006499309185136,0.24675527970373817
0.23006500786149253,0.24675518104626776
0.2300648208558489,0.24675533604313038
0.23006478911524797,0.24675573755901634
0.2300647785537853,0.24675589082025826
0.23005555778303619,0.24675251908037904
0.2300481668930424,0.24674972476243331
0.23004806694101854,0.24674964766879115
0.23004806263072797,0.24674984487577323
0.23003782435257303,0.24674947539250353
0.23003216008548427,0.24675511465903613
0.23002885324372815,0.24675676067012386
0.2300217906475606,0.2467518374837443
0.23001804072562557,0.2467506148946362
0.22999922321177424,0.24674705420276447
0.2299988819711296,0.24674757540238199
0.2299987196869102,0.24674861402169346
0.22998861528309375,0.24675259822990256
0.22998756364357043,0.2467553631617898
0.2299833429384023,0.24675962585008063
0.2299833255645789,0.2467599632769358
0.22998332852110762,0.24675991904530623
0.22998101454889236,0.24676391698170436
0.2299694133994011,0.24676479025438122
0.22996940208604805,0.24676490390288777
0.22996855235152328,0.24676416631283732
0.229957391604338,0.24676130935951593
0.22994015101104298,0.24676331445590324
0.22992674263888857,0.24676380194127973
0.22991284829270167,0.24675906053393015
0.2298856067446257,0.24676153610512183
0.22987182943624135,0.24676293220647627
0.22986610375898892,0.24675377357863026
0.22986606654516062,0.24675365150910916
0.2298526603413192,0.24675299984069085
0.22985268278444673,0.24675272862793754
0.22985189177988097,0.246752325363133
0.22984589593884966,0.24674905623805474
0.22984116090796414,0.24675194111623136
0.22983949384238528,0.24675017094539856
0.22981245401128697,0.24673687506269087
0.22981244849353377,0.24673692821054316
0.22981250990098698,0.24673637994745265
0.22981247435408814,0.24673668450327055
0.2297985721461462,0.2467402124947603
0.2297986237693494,0.2467397973073529
0.22979865944848785,0.2467395082705086
0.22979625006428117,0.2467352157589961
0.2297962432156305,0.2467352793506593
0.22979617205634958,0.24673479746857147
0.22979618391303636,0.24673474223718386
0.2297931805180886,0.24672697897707374
0.22978651986938448,0.24672165456102552
0.22977665103154768,0.24672126472735914
0.2297581880405686,0.24671233396225434
0.22974040008291674,0.24671251710904668
0.22974039777358446,0.24671253822365433
0.2297373802633122,0.24670887920186688
0.22973337899727594,0.24670985912336474
0.22973345532622766,0.24670923192816582
0.22973283891818252,0.24671046810367803
0.2297328375620854,0.24671047850134822
0.2297317874969735,0.2467094717392856
0.2297268110584776,0.24670159898497096
0.22971172667775666,0.24671063642647711
0.22971171854433323,0.24671076117921664
0.22970822652051612,0.24671347197838103
0.22970822756632914,0.246713461222565
0.22970408485563984,0.24671010370404198
0.22969741585463935,0.24671267743878555
0.22968776083138942,0.24671480846484437
0.22967387220472213,0.24671478765135277
0.22967386476483387,0.24671485133699125
0.22967390691203757,0.24671446411188588
0.22966777192523785,0.24670748629527764
0.22966781732169878,0.2467071530196274
0.229667144218872,0.2467084644051935
0.22966715328136816,0.2467084022372676
0.22966243825422752,0.24670422225960215
0.2296609965790107,0.2467029277508668
0.22965617299131347,0.2466989736431968
0.2296546981853749,0.24670231792956673
0.22965462769473455,0.24670247686832172
0.2296527123856151,0.2467044736955195
0.22964453970517956,0.24670864097042766
0.2296445575497887,0.246708543964868
0.2296256271367447,0.24671659583468042
0.22961486721400554,0.24671153996646447
0.22961481718394294,0.24671201658022915
0.22961310205848343,0.2467103431513824
0.22961309494198318,0.2467104307898331
0.22961309057742135,0.2467104856490636
0.2296130829049489,0.24671058451754838
0.2296055393107858,0.2467138810614104
0.22959799247542131,0.24670877452587386
0.22959797507938282,0.24670902912553982
0.22958437146298327,0.24670976412691625
0.22958363979399868,0.24670946379684494
0.22958363148311978,0.24670976628652014
0.22958360815041243,0.2467105922432315
0.2295836014188585,0.2467106645600089
0.22957169327140586,0.24670626857099703
0.22957170089529755,0.24670617391267266
0.22956760528154643,0.2467038330483605
0.22956760717568972,0.24670399128082066
0.22956746900755615,0.24670440388586684
0.2295674754493551,0.2467045313508351
0.229555107491115,0.2467030162687341
0.22955510547779417,0.24670268553894903
0.22955498613362363,0.24670325702969464
0.22955301933807498,0.24670627920082697
0.22955227999325423,0.2467060948127577
0.22954861839528892,0.24670159345962742
0.22953778803609548,0.24669554129229024
0.22953614925888952,0.24669387670646467
0.22952950873891081,0.24669241521968407
0.22950776534465467,0.24667908563462185
0.22950171496722643,0.2466732091771355
0.22950172155296367,0.24667307899845384
0.229501719898823,0.24667332331260267
0.22948286132607118,0.24667140929620446
0.22948287188652797,0.24667048043093512
0.2294629003994943,0.24667202455480736
0.22946289744877152,0.24667212677891728
0.22946209667650894,0.2466719819026327
0.22946208939574209,0.24667224303556912
0.22946208962008732,0.24667202975062194
0.22946208802973575,0.2466720865270676
0.22945043357964504,0.24667571916382505
0.2294504278270787,0.24667587685285317
0.22945043287402456,0.24667559874640002
0.22944756322085977,0.24666795407469191
0.22944667121726328,0.2466721484492789
0.22943125253137564,0.24666657397695688
0.22942792832475128,0.2466649445047887
0.22942793595042435,0.24666483503337272
0.2294058512001299,0.24667115408177254
0.2293964444147242,0.24667174308994966
0.22939432313939315,0.2466720840466792
0.22939430154636678,0.24667236221086639
0.229394290470451,0.2466727389320501
0.22939428032665923,0.24667285335940217
0.22939214017934628,0.24667655575759329
0.22936105834144496,0.24666666805801188
0.22935672474946098,0.24666273207910774
0.22935671894064816,0.24666308658583053
0.22934049306728183,0.24666577512872362
0.22934049218483132,0.24666534096881174
0.22934049642065854,0.2466649346550557
0.22933121035592616,0.24666095349793543
0.22933121941693796,0.24666084939773783
0.2293303180171884,0.24665977526900607
0.2293128043256159,0.24666349391974718
0.2293063512490177,0.24666576263424791
0.22930634193877938,0.24666597532582438
0.22930263986690227,0.24666228033143475
0.22930262912253782,0.24666238285800116
0.22930028592876445,0.24666543533263158
0.22930029500537166,0.24666534318956546
0.22929138358181686,0.24666521571826625
0.22928272721391743,0.24666904785311292
0.22928076335088332,0.2466648343123032
0.22927974073568508,0.24666281176048716
0.22927973236412855,0.24666290476342134
0.22927972961791565,0.2466630296278614
0.22927736062731044,0.2466598067155303
0.2292773611555877,0.24665974896896206
0.2292611583082714,0.2466555001315188
0.2292611582937289,0.24665551157620563
0.22925498911393113,0.246655972887708
0.22925498320309892,0.2466554651389044
0.22925498451583018,0.2466553273297391
0.2292549849397134,0.24665529259258917
0.22923673686605245,0.24664482092989523
0.22923076031251816,0.24664133890978995
0.22923076061567196,0.24664131615382473
0.22923086036593035,0.2466398687640688
0.22923085262505458,0.2466406867168254
0.22920371211234494,0.24664463040324108
0.22920370435849952,0.24664432927207205
0.22919723632492625,0.2466390731062263
0.22919542812630372,0.24663728360937
0.22919543388717278,0.2466371882914598
0.22919543392742842,0.2466373043819067
0.22919306050989158,0.24663676734378126
0.22919306667026845,0.2466368233538329
0.22919283716755678,0.24663722233867647
0.2291928388101473,0.24663595481641037
0.2291926449629242,0.24663595116770848
0.22919264188050617,0.2466357047973487
0.22918669477340287,0.24663263103767874
0.22918584017238922,0.24663621354150525
0.2291858316925776,0.24663587720652247
0.2291858326914638,0.24663551852853216
0.22918520772530768,0.24663664506445224
0.22917118348324253,0.24663815774007664
0.22916051398817686,0.24664032888279167
0.22915947860188776,0.2466385942160838
0.22915948872063976,0.24663933514963288
0.22915948176738676,0.24663927863602828
0.2291593267163006,0.24663889498116512
0.22915804582465027,0.2466391201435973
0.22915711942676897,0.2466416065767835
0.22915711846494122,0.24664157092066694
0.2291571341061679,0.24664190291248322
0.22915054996994327,0.24663767224174235
0.22914430673806005,0.2466329850746765
0.22914113683764367,0.246631111678992
0.2291411177869313,0.24663059321018516
0.22914104320005374,0.24663026476713992
0.22914106669428444,0.24663086857686045
0.22914106169445728,0.24663075914862143
0.22914077443253247,0.2466312327105286
0.2291407697447385,0.246630775307355
0.22913622713748927,0.24663442690240833
0.22913624497663143,0.2466349101806041
0.22913625680978325,0.24663516591432125
0.22913627474972137,0.2466355987554847
0.22913629415090583,0.2466359863737549
0.2291363060494886,0.2466360713193728
0.22913173560750227,0.2466335143318588
0.2291236045652589,0.246631140806401
0.22912357074812328,0.24663053821706066
0.2291087532720641,0.24662856706015346
0.22910873254582603,0.24662796127309566
0.22910637434209868,0.24662431478767416
0.22910637259910163,0.24662416176361804
0.2291063714524413,0.24662403288394272
0.229106086848283,0.24662291297245256
0.22910090782162126,0.2466230235466301
0.22910075963488827,0.24662277813055428
0.22909718630060946,0.24662264587795824
0.2290852161537787,0.24661063279250467
0.22906569928929194,0.24660500486855716
0.2290656970050702,0.24660467530461128
0.22906569118783177,0.2466045961767316
0.22906234025967295,0.24660626153220722
0.22906233452574862,0.246606264265604
0.2290600664289432,0.24660705726487891
0.22905856272048117,0.24660891909650123
0.22905404006377403,0.24661129535008675
0.22905403303442373,0.24661165037637725
0.22905402704777802,0.24661167583453394
0.2290466386643952,0.24661427411110218
0.2290466456432024,0.24661402756873735
0.22904652918671428,0.24661554373253605
0.22904653763744978,0.24661534538954585
0.22904653887371848,0.24661527667681135
0.2290464163948452,0.24661534158037926
0.2290464177119473,0.24661500041421353
0.22903459841024926,0.24661541102579945
0.22903289791629217,0.24661693738812196
0.2290328919460184,0.2466169744807267
0.22902729175538794,0.24662389628257478
0.22902729216803264,0.24662387335290767
0.22902728937479186,0.24662409294533003
0.22902729419737888,0.24662471060601912
0.2290272955683293,0.24662485232328216
0.22902603529433865,0.24662695662337378
0.2290260307337519,0.24662701916421723
0.22902602396116425,0.2466265555465515
0.22902602581373624,0.2466267210868742
0.2290261179821978,0.24662594162508883
0.2290261165892745,0.24662554170110657
0.22902436328359244,0.24663098240655898
0.22901166750113477,0.2466422219905835
0.22901166458049763,0.2466427702656192
0.22901167046851878,0.24664281484734113
0.22901167709877793,0.2466424027659212
0.22901168183981893,0.24664257490856686
0.22901167623951707,0.2466425075431232
0.22901167582362647,0.24664274184086984
0.22901167601633304,0.24664278854717467
0.22900588920390774,0.24663858769082317
0.22899882928605894,0.24663258713901917
0.22899882964111817,0.24663255203423023
0.22899883103055546,0.24663240117192478
0.22897400075558208,0.24662998139144998
0.22896896341352282,0.24663492946770268
0.22894943304687929,0.24662939199867917
0.2289494316591879,0.24662972853458676
0.22894938090311678,0.2466309625624571
0.2289427192508291,0.24663055878389542
0.22894219271804486,0.2466311427479363
0.22894219176100394,0.24663138688742847
0.2289421974606633,0.24663127898737985
0.2289359353926568,0.24663363772769456
0.22893593978962384,0.24663321832996096
0.2289323491158369,0.24663204770141414
0.22893235669216186,0.24663198916049753
0.22892000485301042,0.24663986005049218
0.2289194804968405,0.24664037886501172
0.22891947366143045,0.24664051216651525
0.22891949842236983,0.24664016692035057
0.22891947188340306,0.24664054532850552
0.22891946922443743,0.2466404923370839
0.22891887759611929,0.24664042083331017
0.22891688824411976,0.24664106457314355
0.22891688779227168,0.24664126581095536
0.22890957713854446,0.24663450098911402
0.22888598506450494,0.24663110678667127
0.22888600273124723,0.24663056291072274
0.22887184214241105,0.24661893714253907
0.228872048042179,0.24661996683410461
0.22886556779274939,0.24662077204108832
0.22884896506259925,0.24661819526591175
0.22883791084604194,0.24661427882488635
0.22883332283301785,0.2466173204523907
0.22882296787163517,0.24662543490801306
0.22881674000137164,0.2466234453630289
0.22881079346326433,0.2466247682060487
0.22880022156231267,0.24663003918304435
0.2288002151514844,0.24663050208937592
0.2288002156284659,0.24662997377716403
0.22878601737261267,0.24662883244813852
0.22878601203648616,0.24662881203760414
0.22878600390625753,0.24662935677600167
0.22878599815799391,0.24662927785453148
0.22877605710954121,0.2466243452654037
0.22877606271125847,0.24662435458396045
0.22877506865286446,0.24662625020798745
0.22877506090716182,0.2466265749436878
0.22877498127303522,0.24662620265515534
0.22877251462288037,0.24662595212150218
0.22877252240714366,0.2466265954025214
0.22876412531387383,0.2466292946649692
0.22876413007758414,0.24662949638538506
0.22875254476222176,0.24663154819542316
0.2287525422019394,0.246631202699228
0.22874869916521381,0.24663605724561835
0.22873387310700402,0.24663537720183248
0.22871889739052254,0.2466377061750132
0.22871438184145515,0.24663785991228396
0.22870906091794982,0.24663912667357987
0.22870768191745944,0.24663837628925692
0.2286987113852391,0.24663468168325448
0.2286979547293679,0.24663329695253192
0.22869636206407584,0.24663519477087545
0.228696358161985,0.24663544158641026
0.22869636332298132,0.24663538111486255
0.22869597637816105,0.2466346014960936
0.22868991171415567,0.24663150072918522
0.22868991433609265,0.246630849242813
0.22868991370601913,0.24663040639027856
0.22868555700800616,0.24662599459842025
0.2286855644512318,0.24662590131588316
0.22868182349626612,0.24662927228663356
0.228667575017517,0.24661672155656264
0.22866756989695616,0.24661670113256742
0.22866756875303254,0.2466167576732601
0.22865999190237576,0.2466193219628932
0.2286557692187889,0.24661398129333578
0.22864410326403814,0.24660686179475352
0.22863533294826607,0.2466157306271254
0.22863528431881883,0.24661636627901998
0.22863528991143917,0.24661602993209306
0.22863528961288254,0.24661608717495784
0.2286352901207871,0.24661599536812834
0.22863515383019856,0.24661434122084627
0.2286207248431354,0.24661895011817367
0.22862071621674768,0.2466191687265084
0.22862071412451587,0.24661947806698006
0.22862054325966402,0.2466188819721174
0.2286168972825854,0.24662004515264552
0.22861689874697036,0.24661974659901148
0.22861689723315035,0.2466200682004773
0.2286140900000497,0.24661747289888453
0.22861394244191363,0.24662093005592053
0.22861394837411325,0.24662077805613927
0.22861358538094942,0.2466197936376332
0.2286135882629756,0.24661955386513706
0.2286003213275691,0.24661957736657306
0.2286003159576222,0.24661979912416124
0.2286003278966866,0.24662032181324867
0.22859442523755336,0.24661942724759767
0.22859221561779863,0.24661617205707162
0.22859203752084023,0.24661497959607048
0.22859205546931582,0.24661556258333964
0.22858756985164064,0.24661526429734293
0.2285875751308723,0.2466153959881301
0.228587363490512,0.24661224154475933
0.22857992716325093,0.2466095173111993
0.2285793677672785,0.24661092727565895
0.2285700195278561,0.24660906775064168
0.22857003122170172,0.2466095294799223
0.22856656045821028,0.2466073580473922
0.2285665470510227,0.24660707501395593
0.22856654429057063,0.24660656653401125
0.2285663260967829,0.24660724816145085
0.22856632148182657,0.24660764963082096
0.228566321512467,0.24660763806246916
0.22856632095608959,0.24660782297402697
0.2285657980121384,0.24660868386800763
0.22856109733892446,0.2466114163760326
0.2285610899577806,0.2466109880054503
0.2285554738755848,0.2466085831313006
0.22855546630552778,0.24660880359910367
0.22854657794366198,0.24661516875322126
0.22853624432600494,0.24661678726751202
0.2285310583331101,0.24661990477172052
0.22853083559606915,0.2466200920844537
0.22853084429695858,0.24661975179296883
0.22853075053537944,0.24661951983268604
0.22852056085074784,0.24662420637141003
0.22851322961957465,0.24663225734755434
0.22851323516872088,0.24663226634784816
0.22851174028444043,0.2466267582750741
0.22851173269923455,0.24662688719085976
0.22850836386416343,0.24662763991325323
0.22850578328134136,0.24662263872103501
0.22850578397257623,0.2466225696963658
0.22850552570474883,0.24662146566432025
0.22850442829817494,0.24661940309015998
0.22850431228276202,0.24661804200213489
0.22850309740975244,0.24661806300707537
0.22850240291552443,0.2466166311202301
0.22849331455230495,0.24661578094063336
0.22848503890333008,0.2466218615865558
0.2284850330925157,0.24662211242408769
0.22848509907085982,0.2466209237876679
0.2284815335296267,0.2466236997109366
0.22847479292780287,0.24662063006238066
0.22847337670234538,0.24662093396748036
0.22847338273682635,0.24662076479218745
0.22847337354437888,0.24662103576630393
0.22847337550776103,0.24662115822915048
0.2284733760451434,0.24662095661534747
0.2284733754117828,0.2466208126670203
0.22847336891533407,0.24662120652155373
0.22847337122094902,0.24662111535947742
0.22846567141811328,0.24662237617372598
0.22846567485389577,0.24662226273428747
0.22846568151241706,0.2466222263800471
0.22845161705611575,0.24663038978433072
0.2284483769196885,0.2466330702833625
0.22844829668570693,0.24663318128862538
0.22844527745508753,0.2466320491405991
0.22844516968571915,0.24663248391524314
0.22843773094646516,0.2466332488701948
0.22843773505617226,0.24663333824529782
0.22843774355023272,0.24663312894382666
0.22843774486457924,0.24663341362516308
0.22843774553779242,0.24663335613156548
0.22843774592575913,0.24663332167651703
0.2284377527782079,0.246633204176306
0.22843775561947924,0.24663305551207573
0.22842254317967642,0.24664194858604171
0.2284225387882062,0.24664236350570454
0.22842254354086866,0.2466433764972449
0.22842255056055544,0.24664229101717344
0.2284225457984059,0.24664206544468759
0.22842192375578724,0.24663859534209862
0.22842191769646447,0.2466385043354564
0.22842114219383008,0.24663767606965054
0.22840970218858847,0.24662917360304276
0.2284060417411812,0.24662649303309908
0.22840605148722873,0.24662606108889618
0.22840534624408873,0.24662424432044006
0.22838784161144302,0.24662004731967352
0.22838183187828132,0.24661777352855388
0.2283818332366484,0.2466177399630712
0.22837750603383355,0.24661878079436286
0.22837749669669652,0.24661900518630148
0.2283773892172408,0.24661892328807533
0.22837666688402355,0.24662106743253345
0.22837426886092393,0.2466189939127243
0.22836927460905232,0.24662180947844756
0.2283552879515101,0.24662181910719783
0.2283552930957697,0.24662140733095747
0.22835529363506366,0.2466211498049185
0.22835528725544663,0.2466214216303642
0.22835528370985272,0.24662167253928874
0.22834380814118296,0.2466151395709595
0.2283366670332566,0.24661520185558247
0.22833667310047862,0.24661583776847298
0.22833667682174427,0.24661610792290345
0.22832397564423063,0.24662152225124787
0.22830998930979932,0.2466386366396258
0.22830936956223472,0.24663952410531886
0.22830763540785137,0.24663875655292633
0.22830754086671015,0.24663816124184565
0.22830755070880232,0.2466384179848609
0.2283042541968547,0.24663915768086955
0.2283042756530307,0.2466397499821335
0.2283042815235266,0.2466399065048055
0.22830428575711828,0.24664013873538088
0.22830433910829526,0.24664095771976985
0.22829605304913853,0.24664116989324747
0.22828634395584949,0.2466391937152833
0.22828617653747255,0.24663958464868999
0.22828616198118581,0.24663946240473658
0.22828538603390391,0.24663896100600258
0.22827660005768088,0.24663763128838406
0.22827657235886523,0.24663726778119174
0.22827653129907954,0.2466366241118391
0.22825432402673707,0.24662738813713378
0.2282543456931506,0.24662776847630724
0.22825433001667267,0.24662749810516366
0.22825432899720463,0.24662737302969068
0.22824729145524913,0.2466263908444485
0.2282474405937998,0.2466273832004322
0.22824740296994192,0.24662725358972426
0.2282474407769963,0.24662792752859938
0.22824739289572069,0.24662715917125924
0.22824271532513238,0.24663767219711427
0.22824245524574224,0.2466368176351724
0.2282424578188519,0.24663688970320047
0.22824248463927269,0.246637480824248
0.22824247364871209,0.24663726245869486
0.22824011296863134,0.2466335388999859
0.22824009736839015,0.2466331317027106
0.2282400968282168,0.24663327778189656
0.2282401000094101,0.24663336152492335
0.2282321304498429,0.2466353901416164
0.22823130617211881,0.24663501903218032
0.2282257830279821,0.2466267515106448
0.22822577383490564,0.24662639006227507
0.2282257923108533,0.24662683331285862
0.22822577487430198,0.24662696798054484
0.2282257761834625,0.24662702700193823
0.2282256929007464,0.2466256893933075
0.22822386601564448,0.24662549926940228
0.2282238693389363,0.24662532208474433
0.22822386384880305,0.24662532447649152
0.2282238625866736,0.2466248741280154
0.22822307393223948,0.24662696694903674
0.2282194205885973,0.24661939683471254
0.2282194267992613,0.246619130368451
0.22821722160871216,0.24662127580851242
0.22821421795353164,0.24662346415455424
0.2282128811301509,0.24662005367350204
0.22821197403212193,0.24661832870970807
0.22821175884876388,0.24661896342146125
0.22821141808035256,0.2466194712577067
0.2282008560029296,0.24662725492739504
0.228183319568968,0.24662648133955434
0.2281833253812031,0.2466264904735447
0.22817435404609152,0.24662431323658907
0.22817172627111576,0.246618773613402
0.22817119338651934,0.24662159585130608
0.22817059597288775,0.24662269078338023
0.22817053397716597,0.24662247797458514
0.22817052701979673,0.2466222189413668
0.22816041273920273,0.24662726249543931
0.2281604070836815,0.24662709611724676
0.228160415960402,0.24662734552831306
0.22816043916301482,0.24662773861555742
0.2281517124928318,0.24662124938358507
0.2281510318832508,0.24662046709474578
0.22815104327048508,0.2466206726262257
0.22815101971694554,0.24662058577788137
0.22815100270577945,0.24662031783062083
0.2281509904814549,0.24662156437681712
0.22815100018027643,0.24662171109367165
0.22815096804244003,0.24662119978277194
0.22814942250650272,0.24662364942978077
0.22814878654275159,0.2466232538772267
0.22814877469368708,0.24662312401600595
0.2281444906075639,0.2466175993278619
0.22814120498608947,0.24662316417916627
0.22814120764458826,0.24662323534758326
0.22814123772115152,0.24662355425340698
0.22813765684971357,0.24662050518688322
0.22813401367681144,0.24661222496455343
0.22813401227602625,0.24661232286214796
0.2281341487741942,0.24661297949511843
0.22812276866041992,0.24661997162392915
0.22812260335548212,0.24661751814180446
0.22812257588250592,0.24662102882765077
0.22812256896426425,0.24662092719063952
0.22812256094892108,0.2466205958553679
0.22812211114025108,0.24661999378699925
0.22812198461639935,0.2466202831036679
0.22812186187524014,0.2466197075945946
0.228121860701056,0.2466197977608488
0.2281211579595435,0.2466198872556009
0.22812115588439374,0.24662004505028357
0.2281211402570489,0.2466193946904503
0.22812088873581826,0.24661694536470585
0.22812087584869803,0.24661737799447134
0.22811176961911703,0.24662575377750023
0.2281117663381419,0.24662609602864405
0.22811155633752256,0.24662291316809698
0.22811157009082866,0.24662266791893342
0.22811024727422943,0.2466230615294641
0.2281062024176019,0.24662176405042857
0.2281033243295273,0.2466230755151103
0.2281033238346604,0.24662308648358647
0.2281025986433228,0.24661992268563976
0.2281015643273794,0.24661854072003364
0.2281009401416494,0.246619716374993
0.22809563921435597,0.24662194316852715
0.22809563626065346,0.2466219857037272
0.2280956103866187,0.24662252190030956
0.2280955943479126,0.24662290480236626
0.22809540872277342,0.2466229941103073
0.22809540972647344,0.24662316983056934
0.22809540242170107,0.24662387900172794
0.22809539721570565,0.24662374547929117
0.22809532927021342,0.24662362564750911
0.22809526345836337,0.24662407100370573
0.22809526018108064,0.2466238482629415
0.22809526356452428,0.24662364635227066
0.22807769954214102,0.24662458242153681
0.22807770624041154,0.246624956406163
0.22807770052170792,0.24662493622049964
0.22807769403595765,0.2466247328966559
0.22807190205038266,0.24662134250899873
0.22807190238273853,0.24662158153876976
0.22807176391954598,0.24662325915248187
0.22807176392943654,0.24662323605847608
0.22806878259889093,0.2466233428724159
0.22806660349247437,0.24662049217644413
0.2280666292064763,0.24662054140211875
0.22806660367192638,0.2466210735923961
0.22806660059507702,0.2466206249093816
0.22806563602500016,0.24662380113939658
0.22806563043651215,0.24662383793514983
0.228065636230559,0.24662335510966993
0.2280654991036052,0.24662422479179863
0.22806134169244696,0.24662300050669017
0.22806134409685277,0.24662311980698548
0.22806134772804437,0.24662280160402875
0.22806137012875574,0.24662227641266635
0.2280613753135229,0.24662217896528288
0.22805667316259268,0.2466242085980239
0.2280566653991921,0.24662432640672502
0.2280566515752833,0.24662445807827515
0.22804673213534252,0.24662305088488226
0.22804672664617043,0.24662315943776802
0.22804674238686098,0.24662296124541913
0.2280428429301028,0.2466205326015943
0.22804283346420337,0.24662060046238093
0.22804283552386895,0.2466206623311866
0.22802911719570362,0.24661518708670857
0.22801682808114943,0.24661870477445508
0.22801476552805824,0.24661849183125956
0.2280147587765375,0.24661858777186085
0.22801308845867505,0.246618574305093
0.2280131021077497,0.24661838183704807
0.2280130972977134,0.24661844603596034
0.22801307364614037,0.24661881136230657
0.22801307945428542,0.2466187141403393
0.2280130981007081,0.24661843535862757
0.2280079766329627,0.2466151206198619
0.22800774548631692,0.2466147295059207
0.22800391615962326,0.24660846579562973
0.22800391679995258,0.24660852676548828
0.22799995966111664,0.24660585243167996
0.22799997435663447,0.24660568393228882
0.22799839712336864,0.24660424008279092
0.22799839786615356,0.24660373076161887
0.22799467865069345,0.246602885724996
0.2279946603452317,0.24660307314611835
0.22799467240071708,0.2466029478196133
0.2279929451605882,0.2465964416668305
0.22799238905754746,0.24659662352257908
0.22799239031064322,0.24659667324792298
0.22798185155999884,0.24659806014580404
0.22798182673222453,0.2465983780990339
0.22798183069883915,0.24659839648396276
0.2279817824991666,0.24659805423915573
0.2279749607590165,0.24659460726391638
0.2279749338778989,0.2465949201096434
0.22797492865695396,0.24659500611639265
0.22797493325305396,0.24659484788995034
0.2279743791632202,0.24659253393436245
0.2279635998464103,0.24658987335010987
0.22796360654104875,0.24658959232346353
0.22796361622125982,0.2465894077238217
0.2279537272571209,0.24658913266639562
0.22795370966721426,0.24658938606327657
0.22795369693045697,0.2465895650906359
0.22794696106377665,0.2465919028435731
0.22794695355736916,0.2465921467070212
0.22794020582429328,0.2465919762978779
0.22794019018525233,0.24659235786829853
0.227940181907601,0.24659252972087503
0.22794010249460564,0.24659182109126795
0.2279401086273286,0.24659177296810925
0.22794010283762567,0.24659179881140195
0.22794010994739164,0.24659145146695624
0.22792520210359238,0.2465892504382171
0.22791319855277084,0.24659153857337338
0.22790316680199285,0.2465935939743954
0.22790317593779047,0.24659345776958214
0.22789950230651193,0.24659832520628572
0.22789920244598214,0.24659833156985053
0.22788711946116263,0.2465919448340321
0.22788711584350896,0.2465923182393988
0.2278859932824076,0.2465906087185076
0.22788433823649185,0.24659257638247908
0.2278804365221261,0.2465987159872901
0.2278804236577373,0.24660030541036113
0.22787667774041664,0.2465975534059659
0.2278766743270508,0.24659762671719287
0.22785929307962044,0.2465923063066813
0.2278471388158911,0.24658091034252477
0.22784714648417015,0.24658125827918043
0.2278471511721632,0.24658123116648764
0.22784563958708884,0.24658166743738494
0.22783560966707772,0.2465837738586036
0.22783560892538995,0.24658354944175906
0.22783560925048676,0.2465835608717009
0.2278356143826822,0.24658355758263112
0.2278356112391251,0.24658303617737193
0.2278356129236151,0.2465831964282889
0.22783562161657978,0.24658341189662092
0.22783229201070893,0.24658075387778086
0.2278275025175247,0.24657922530428167
0.22782108555498357,0.24657580840810106
0.22782108008255716,0.24657611804764387
0.22782106685737277,0.24657569225723466
0.22781701948781505,0.24657461309687856
0.22781701837979476,0.24657471366122238
0.22781636624359822,0.24657498135666434
0.22781357621752746,0.24657481733705536
0.22781356801441782,0.24657526074624148
0.227813569711495,0.24657557997879287
0.22781359740138946,0.2465770074142529
0.22781177002677463,0.24657960729600434
0.22781175960158367,0.2465792878287418
0.22781057919559494,0.24657946059541988
0.22780960789922142,0.2465798458681594
0.227809501548363,0.24657939061894443
0.2278095059436617,0.24657950798128517
0.22780950167133,0.24657953513789102
0.2278083177811772,0.2465776488257322
0.2278083080720253,0.2465774097365722
0.22779307567498613,0.24656812778033854
0.2277930678441401,0.2465678339821596
0.22779072430514083,0.2465659653335768
0.22778157783338318,0.24656149004302128
0.22778157568027194,0.24656139782513448
0.22778151277197897,0.24656228560585175
0.2277815199561981,0.24656257454682323
0.22778036999845547,0.2465617585700096
0.22777986983533668,0.24656286555202653
0.2277798749254979,0.24656296092628951
0.22777989402965612,0.24656319678558858
0.22777992701809882,0.24656375584895837
0.22777982353146486,0.24656389959519248
0.22776798295563733,0.24655919914594376
0.22776803447559482,0.24655894542552376
0.2277680442011844,0.24655909337104245
0.2277682088244928,0.2465593998677462
0.22776708137485158,0.24655748171921996
0.22776454015083777,0.24655569358696813
0.2277601670200141,0.24655451137049808
0.2277601905440985,0.2465550383598957
0.22776016479321484,0.24655446394712707
0.22776013886313454,0.24655511405230163
0.22775725849358092,0.24655763807838238
0.22775725152799337,0.24655746197818035
0.22775137708796966,0.2465555909668233
0.22775125449400624,0.24655581511807317
0.22775126457814038,0.24655608215304053
0.22775125237025937,0.24655596580493153
0.22775130334703603,0.24655690167188657
0.22775081156189655,0.24655674454095128
0.22775081252065724,0.2465566579818587
0.2277508265467571,0.24655692006058763
0.22775082629999993,0.24655700744613201
0.22774075215440337,0.2465594086440507
0.2277391723840946,0.24656040419258884
0.22773857452837087,0.246559413157263
0.2277325239695705,0.2465601172697912
0.22773249454642763,0.24655960713747377
0.2277324978513439,0.24655974291519844
0.2277305721560964,0.24656159304932274
0.227730600708165,0.24656199233731949
0.22772434700152294,0.24656443407994427
0.22772433752879864,0.24656431193632136
0.22770685289141146,0.24655952297515144
0.22770006956950958,0.24655413251041947
0.2277000609715691,0.24655402321192602
0.22770005507819455,0.24655387375422372
0.22768386967122292,0.24656188611817045
0.22768387296113304,0.24656193441616442
0.2276759853649554,0.2465571832136736
0.227675949178325,0.2465566270759849
0.2276759580651508,0.2465569032689923
0.22767010998968273,0.24656083289258057
0.22766989489314926,0.24656039832261648
0.22766989221395986,0.24656022949694725
0.22765988799950243,0.24655882190047146
0.22765746787483165,0.24656004661528752
0.22765745495483083,0.2465596700805856
0.2276574556540068,0.24655971573671814
0.22765078347273504,0.24655639403900054
0.2276507767311909,0.24655632785795803
0.22764062904343346,0.246555132810503
0.22764064674552834,0.24655549950854536
0.22763306836777591,0.24655621481188822
0.22763304855513314,0.24655598964577657
0.2276330592779937,0.24655624543713228
0.22762139840325574,0.24655838447695166
0.22762140434544523,0.2465583929810092
0.22760728630503585,0.24655243130998017
0.2276039952521425,0.24655099584133616
0.22760290055725543,0.24654969810737684
0.22760287000847165,0.24654926958092538
0.22760286393218793,0.24654915083975
0.22758822652943012,0.24655074969401644
0.22758739041144152,0.24655084287432033
0.2275874540044593,0.2465505293134126
0.22758745868237007,0.246550514502082
0.22757949641459588,0.24654672957886556
0.2275793756862159,0.246545773051392
0.22757206640910665,0.2465493388267972
0.22757206767123478,0.2465491386044943
0.22756976763019507,0.24654996298085985
0.22756958397098376,0.24654932205882088
0.22756508405490425,0.2465499378899923
0.22756509394412253,0.24655046129193517
0.22756508968301065,0.2465500370436268
0.22756512649625696,0.2465493905972435
0.22756513369486084,0.24654905929884688
0.22755907383235205,0.2465417102220041
0.22755907719371915,0.2465415088123306
0.22755142134624481,0.24653524784517622
0.22755142338189188,0.2465354124302658
0.2275514221519913,0.2465354908813805
0.22755140059263976,0.2465368197722133
0.22754149221229378,0.24653015325666391
0.22754148686180908,0.2465301342548078
0.2275414833603068,0.24653000301668473
0.22754149661440007,0.24652964252190304
0.22754149405568216,0.2465297425458365
0.2275415072504283,0.24652932234067998
0.22754150594055741,0.24652935544674442
0.22754151859055458,0.24652905993536964
0.22753929015850408,0.24652599149436089
0.22753928797978185,0.24652619730050312
0.22753929272135734,0.2465262158457488
0.22753925828537552,0.24652638758209153
0.22753927293521917,0.24652610810213674
0.22753925696076777,0.24652665079261146
0.2275218182058187,0.24652389466864089
0.2275218179677503,0.24652390585637254
0.22752115399493722,0.24652353712808645
0.22750335834377286,0.24652291042023436
0.2274898519688795,0.24651781002841247
0.2274898523875158,0.24651767108470585
0.22748984595233226,0.246517696578625
0.22748984132915004,0.24651796763285988
0.22748381026174888,0.2465155890206749
0.227478833702203,0.2465171604835419
0.2274764235198716,0.24651890453390374
0.22747642687107766,0.24651877171809022
0.22747330939293017,0.24651976492236352
0.22747331172968527,0.24651987207587922
0.22747331320936437,0.24651981675523477
0.22747331464679413,0.24651959974160037
0.22747035562314766,0.24651634017525623
0.22747039809090108,0.24651566767964672
0.22746940112117106,0.24651908903681644
0.22746940028454474,0.2465191818156034
0.2274644584217399,0.24651940669157266
0.22746445277350238,0.24651957423870888
0.22746294718843918,0.24651886342516388
0.2274629581547707,0.24651868113595968
0.22746294117750582,0.24651897149162988
0.2274559372486407,0.24651378383751602
0.22745570377313465,0.24651359528205755
0.22745569532111015,0.24651365254558089
0.22745201858281805,0.24651210155178097
0.2274488007757842,0.24650932105553824
0.2274456843600724,0.2465063770821764
0.2274361225737618,0.2465081576258356
0.22743611629100152,0.24650836875016677
0.22743608582200245,0.24650899203996596
0.2274360939159232,0.24650875129307542
0.22743609345670862,0.24650876234574326
0.22743608660548764,0.24650896986281304
0.22742799014266823,0.24650057244062887
0.2274274919567942,0.24650257586369806
0.22742749984285024,0.24650248455301318
0.2274233534720807,0.24649908973045434
0.2274233028332165,0.24649888040131673
0.22741784918534355,0.24650135244514412
0.2274178930064046,0.2465008181163182
0.22741791742626113,0.24650061773155552
0.22741575004557074,0.2464997385823823
0.22741575483308724,0.24649963861452412
0.22740634154646752,0.24651083807340307
0.22739591262413478,0.24650631743243676
0.2273959174126224,0.24650626574290516
0.22739591360977482,0.24650630697568496
0.22739585467572068,0.24650699091484243
0.22739421079608563,0.24651057279110003
0.22739297661949845,0.24651103516355086
0.2273929291507322,0.246509381804922
0.22739292537085545,0.24650950481213493
0.22739187766705207,0.24650946208236643
0.22739039503477598,0.24650757775323262
0.2273902514526591,0.24650701180541992
0.22739025504152008,0.2465070514026213
0.2273860875610351,0.2465086656054597
0.2273742588877809,0.2465106023340679
0.2273742696889177,0.24651030556868195
0.22737427322454917,0.24651033390223484
0.2273742798522914,0.24651022728745217
0.2273742756248292,0.2465102094431806
0.22737423871084234,0.24651081524308854
0.22737423794533237,0.24651083714691097
0.227373332888477,0.2465103078237451
0.22736840689746776,0.24650841814561184
0.22736845865319574,0.24650904858403228
0.2273684113879603,0.2465091797565191
0.22736841771342342,0.2465106631045511
0.22736842657834386,0.2465108207235376
0.22736843918696567,0.24651107180705611
0.22736778460990067,0.24650916762230551
0.22736778675626268,0.24650899184346547
0.22736779115146077,0.24650922100798506
0.22736779659580145,0.24650921694679784
0.22736779115146077,0.24650922100798506
0.22736780548276472,0.24650970802167962
0.22736780805935056,0.2465096227934518
0.2273678184080269,0.24650975885292503
0.22736752513155398,0.24650991907721642
0.2273595104452085,0.24651405333113396
0.22735950886063397,0.24651389698702483
0.22735950198818056,0.24651386568496844
0.2273391014388293,0.2465019533502423
0.22733910924496323,0.24650202000694496
0.2273391065970312,0.24650209358442826
0.2273288554912864,0.24651121910396384
0.22732736023975525,0.24651175480561857
0.22732699204922588,0.2465096040665288
0.22732698673690863,0.24650945302345578
0.22732673604548415,0.24651008918541636
0.2273267370767132,0.24650995788453703
0.22732597767321722,0.24650804061927295
0.22732168311527656,0.24651227952827623
0.22732168631750177,0.24651237240578974
0.22730795073471027,0.24651855849654472
0.22729992152476472,0.24652035939802278
0.2272999173341071,0.2465202540353356
0.22729237700374252,0.24652123972705065
0.2272923754763775,0.24652121617395453
0.22729004454615484,0.2465211940030395
0.2272900577512549,0.2465215661748258
0.22729002713003413,0.246521036041657
0.22728546021091567,0.24652090368460755
0.22728546144711215,0.24652092727673477
0.22728546542176475,0.24652089996187682
0.22728545636879724,0.2465208317957967
0.22728543034600418,0.24652039674455858
0.22728544436538878,0.246520593863371
0.2272814500898925,0.24651591970434106
0.2272815053035032,0.2465165514639686
0.2272815661377417,0.24651719739078154
0.22727983169428007,0.2465151816244915
0.22727985086876185,0.24651541207987837
0.22727983186263664,0.24651523596929187
0.22727759639513181,0.24651435257985516
0.22727763596822292,0.24651478307454547
0.22727374730638364,0.24650790647458096
0.22727384167062423,0.24650813067483646
0.22724185345492978,0.24648534413130144
0.2272385854918987,0.2464842847961016
0.22723863879941442,0.24648473253203518
0.22723182389950422,0.24649002277393378
0.22723175574637464,0.24648952494212156
0.22722859518552152,0.24649071105473136
0.22722860789837002,0.24649077117349358
0.22722863008791683,0.24649090853263653
0.22722843279362265,0.24648927679616633
0.2272284535500049,0.24648940122959614
0.22722003402299862,0.24648877679587092
0.22722002344930697,0.24648868723121586
0.2272151774243598,0.24648516100176457
0.2272105295693491,0.2464809885408493
0.22721046506870532,0.24648043957378038
0.2271924273171984,0.24648408485419415
0.22719032879194395,0.24648692970670286
0.2271888266313783,0.24648838153939148
0.2271888266313783,0.24648838153939148
0.22718885978394532,0.24648863122573528
0.2271877424377602,0.24648977878185227
0.22718080248178488,0.2464868109526091
0.22718083487128718,0.2464870145022579
0.2271807695770909,0.24648647108063554
0.2271807748178169,0.24648651030974422
0.2271711686784341,0.24648813238129264
0.22717117840542705,0.2464881980487147
0.2271574855779412,0.24649584473519212
0.2271573866310991,0.24649509729296135
0.227157289110152,0.24649580368479754
0.22715725625778038,0.24649548049200914
0.22715722263497012,0.24649523057606587
0.2271569698935823,0.2464936122366107
0.2271569698935823,0.2464936122366107
0.22715703732195897,0.24649424299303063
0.2271569812536606,0.24649372501306197
0.22715694682846468,0.2464933750179835
0.22715697877520036,0.24649370009106908
0.22714976821907198,0.24649873875567818
0.22714978670694666,0.24649892693400707
0.22714977431155509,0.24649880150773285
0.22714479250237438,0.24649943324706353
0.22714479038837387,0.24649935507142645
0.22714471064902594,0.24649846997368507
0.2271366009086007,0.24650008599832482
0.2271366340722195,0.24650048368251895
0.2271365697532192,0.2464995450865557
0.22713620161101625,0.24649923165282212
0.22713624115155767,0.24649995067118569
0.22713188228423536,0.24650510267735215
0.2271309520794885,0.24650218642604851
0.22713092204613175,0.2465017719467866
0.22713090350171086,0.24650157031425912
0.22713051226883257,0.24650241198637854
0.22713051646647378,0.24650248391739685
0.22712655427646283,0.24650532774904452
0.22711738568885909,0.24650111029612726
0.2271139692339713,0.2465023220893938
0.22709736111623166,0.24650918371788144
0.22709736523459256,0.24650931307222387
0.2270879870856684,0.2465226460443866
0.22708777218904272,0.24652194155642052
0.22708230212979014,0.2465222453852304
0.2270703457863344,0.24651532526767675
0.2270667479137088,0.246515557556913
0.2270667359068801,0.24651513035525643
0.22706201865378509,0.24651426325571177
0.22705809977308158,0.2465127879106955
0.22705809939349153,0.24651277665275909
0.22705809255691337,0.24651194272107965
0.22705809454940235,0.24651247706329005
0.22705809992708648,0.24651279974644252
0.22704658814878612,0.2465083749899952
0.22704655519737854,0.24650895058799513
0.22704659750456568,0.24650999014640684
0.2270466012215672,0.24651006151800864
0.22704660979887006,0.24651011768000847
0.22704666755404354,0.2465092267916497
0.22704369487595205,0.24650746283164093
0.22704369660086812,0.24650820936108334
0.22704368591769936,0.24650793863440393
0.22702651873154955,0.2465034045040813
0.22702650496165433,0.2465031511036098
0.22702632433357808,0.2465015526072189
0.2270263318093019,0.24650165339885552
0.2270239087026539,0.246497593170576
0.2270239134362478,0.2464975662348249
0.22702194849406704,0.246496282174869
0.22702197454389994,0.24649690740598446
0.22701586261052276,0.2464999528513254
0.22700806065732473,0.24649673820033233
0.22700806049501587,0.24649659213521155
0.2270080838678525,0.24649701672710925
0.22700754519705899,0.2464971517156622
0.22700490712021867,0.246497854486213
0.2270009499096266,0.24649522426061996
0.2270009281360055,0.24649484703677052
0.22700036025266526,0.24649552402501743
0.22700037165934261,0.24649566328448602
0.22699408517037678,0.246491739456574
0.22698736027815525,0.2464835046058484
0.22698734045166769,0.24648294929006948
0.22698654491713866,0.246483605053933
0.2269821859061272,0.24648121842796722
0.22696795956652388,0.24647349071638952
0.22696796719204637,0.2464736693930216
0.22695527572418095,0.24647254674756522
0.2269484855963104,0.24646657680028938
0.22694848888286775,0.2464667376528663
0.22693786330873586,0.2464666501504759
0.22693485037132125,0.2464684282256732
0.2269320527905647,0.24646416417030428
0.22692788205191772,0.24645832828091455
0.22692787998010977,0.24645841530048646
0.22692787655195704,0.24645833206059448
0.22692680373605245,0.24646097737448464
0.22692672624167334,0.2464618657713253
0.22692672379799633,0.24646181744723192
0.22692658739616758,0.24646143242989188
0.22692650611228127,0.2464611294577121
0.22692648509698257,0.24646053956161879
0.22692536440282396,0.24646215222838247
0.22692019794886814,0.24645934720696763
0.22692000933729184,0.24646009423957355
0.2269113390789898,0.24645180017383433
0.2269113514207967,0.2464519740866172
0.22690776711364385,0.24645512960499807
0.2269077676847761,0.24645514191596596
0.2269077719530231,0.24645511400554962
0.22689889131567184,0.24646048208415902
0.22689887778301096,0.24646013832735422
0.22689886872758802,0.24646003550735118
0.22687653368022875,0.24647911705454476
0.22687654748130168,0.24647929212449654
0.22687646374356166,0.2464806937176162
0.226876513076467,0.24648157052577666
0.22687616741841618,0.2464790158437084
0.22687559398024743,0.24648074181618787
0.22687555951632235,0.24648031127468495
0.22687553313984946,0.24648002271633074
0.2268746533037847,0.2464784373579135
0.2268739349660949,0.24647907313361103
0.226873960113951,0.24647943775714368
0.22687394788257378,0.2464792670313587
0.22687395677681815,0.24647931241373713
0.22687395677681815,0.24647931241373713
0.22686823839482828,0.2464743033192797
0.22686417950167972,0.2464741537744632
0.2268641381391453,0.2464732181471196
0.22686415262557702,0.24647347272692172
0.2268632020733424,0.24647221067397654
0.22685250347488825,0.2464794906798264
0.22684773351699156,0.24648282131814547
0.22684773692544621,0.24648277022430432
0.2268477466419419,0.24648299571159812
0.2268477567541861,0.24648308726618418
0.22682537627217567,0.2464781699488996
0.22682535979462456,0.2464778468334888
0.22682533888016995,0.24647748309974618
0.22682532213107998,0.24647689778575163
0.2268253194863693,0.24647675846986364
0.2268253159397927,0.24647643596520122
0.2268253097820684,0.2464761429126487
0.22681325844011913,0.24646846595146632
0.2268116915895705,0.24646681486694788
